x_vector,y_vector,word
0.41689798,0.12927818,next
0.053774003,-0.13125932,rip
-0.18785496,-0.2577612,kick
0.26745045,-0.40161008,refil
0.4565453,-0.26692647,shirataki
0.5023758,-0.15202887,express
-0.2104888,-0.22123094,credit
-0.18955027,0.19218929,fin
0.1458703,-0.18867734,often
0.36344218,-0.038053475,feast
-0.07846485,-0.040827937,basket
-0.14890283,0.02692734,annoy
0.41783732,0.49704915,balanc
0.38038212,0.47728822,compet
1.3161484,-0.04353211,best
-0.25090376,0.32361856,luckili
0.17781149,0.33963463,warn
0.42572162,0.44405797,ok
-0.009963325,0.42064568,endless
0.7277736,0.36033323,chip
-0.4373605,0.2600613,anyhow
0.090020284,0.091706455,glenfiddich
0.2767561,-0.19340502,alcohol
-0.3525031,-0.28271532,obvious
0.5290176,0.48763078,texa
0.5808215,0.2517651,bland
0.43789646,0.41151366,plate
-0.38491738,0.15855789,charit
0.9243776,0.5065189,bread
0.23622699,0.4280749,let
0.28367326,0.05758101,smaller
-0.0066224686,-0.21864662,sunshin
0.07887084,-0.16450857,war
-0.06637381,0.4740521,dark
0.4855319,0.083980195,crap
-0.3218904,-0.37208685,size
0.04358875,-0.0358459,overal
0.24989696,0.22485629,truli
-0.19644713,0.31671572,soft
0.088900596,0.39721808,identifi
-0.20678578,-0.2598595,grain
1.781683,-0.06649378,look
0.056713346,-0.380783,earthi
0.36732987,-0.05063748,cook
-0.011705762,0.32804736,band
-0.27664918,0.4118006,intim
-0.40193224,0.29074606,elixir
-0.23186207,-0.30465406,sur
0.42416707,-0.12830372,offer
-0.054088198,0.1738414,mash
0.449985,0.43274996,hamburg
-0.19408298,-0.22331198,dirti
-0.35533056,-0.015340589,press
-0.25147858,-0.18165234,rub
0.20870323,-0.34641227,kare
0.30092853,0.2402012,spectacl
-0.14238185,-0.06622777,vodka
0.31931362,-0.14824681,booth
0.53599006,0.13691866,enchilada
0.5329514,-0.21764971,booklet
-0.05801472,0.39833957,hangout
0.22842547,-0.15061288,tomato
1.0944879,-0.0630619,sinc
0.56451976,0.46782228,leap
0.27583867,-0.1766874,import
-0.2752362,-0.2741923,somewher
1.720354,0.06653215,even
0.43210512,0.48795596,hound
-0.00068534026,0.040823076,hmmmmmm
-0.24149612,0.4221776,ribey
-0.2555332,0.5039118,pursu
-0.15564178,-0.4574114,field
-0.22574589,-0.1696233,mixtur
0.18054809,0.15842827,rest
0.35298708,-0.15459795,daughter
0.35885698,-0.27211702,knee
0.5171919,-0.0803398,top
0.52357864,0.11409221,necess
0.6793949,-0.048302457,babi
-0.040619053,-0.07977664,turkey
0.21739523,0.22817764,run
0.5324653,0.21956839,delish
0.4150366,0.32008582,wnate
0.27151716,0.31661192,cactus
0.36623573,-0.22375162,vietnames
-0.17167875,0.045691106,base
0.3942056,0.25024885,hardwood
0.2081128,0.27892146,quiessenc
0.36302432,0.13884364,tend
-0.24885702,0.2975601,bright
-0.30696645,-0.25863203,irish
0.09740553,0.346172,daili
-0.35230464,0.024701318,pedestrian
0.5675562,-0.13553116,bonus
-0.3079483,0.32320687,miracul
0.3495422,-0.3264447,text
-0.379794,0.4616921,coor
-0.17695643,-0.27423352,organ
0.48218045,-0.12972595,perspect
1.0947709,0.42262396,sit
0.41174203,0.46519715,destin
0.20681646,-0.06592206,score
-0.07956458,0.33823523,killer
0.60500056,0.38133723,pecan
0.4565204,0.15896846,ita
0.304753,0.5088544,substitut
0.522427,0.011347993,devour
0.42084047,0.17766479,surpris
0.47689095,-0.31400973,fave
0.006115094,-0.15287699,goat
0.17166464,0.38225833,glass
0.003960654,0.4805132,rec
0.18127356,0.06023036,cred
0.061090745,0.046863127,spaghetti
0.5471294,-0.17714967,elect
0.029112816,0.52978075,potato
0.36154452,-0.0015023,adequ
0.08201066,0.051688876,replac
-0.11058475,-0.122241825,broke
0.34512812,0.121340685,sequenc
0.5488607,-0.20756699,frank
-0.035244368,-0.17065181,curri
-0.0126545755,-0.1729546,sign
-0.11758144,0.3766232,hey
0.45293373,0.19459517,peev
0.5564005,-0.18453251,deli
0.706638,-0.22713593,sampl
-0.08368724,-0.048742626,agre
0.58134013,-0.008521049,hotel
0.55164444,-0.48918617,carmel
-0.12857437,0.10112503,trash
-0.33385324,0.47188592,complaint
0.9005713,0.37130284,enough
0.337729,0.38457373,biltmor
0.2415588,0.11133845,gravlax
-0.4184191,-0.44941136,permut
-0.17861353,-0.0618245,latter
0.53677404,0.16069415,fancier
0.47960493,-0.41439334,buck
0.46180108,-0.2894017,smallest
0.08691769,-0.15426631,contact
-0.3736607,0.4697858,beater
-0.22580014,-0.32422033,burden
-0.23641591,-0.44696248,asian
0.32153523,-0.31978822,pepperi
0.47956228,0.12091322,drop
0.5408678,0.2836578,middl
-0.19021156,0.05950546,option
-0.23842774,0.32998127,troubl
-0.06803566,0.35773054,pretenti
0.07389011,-0.21218695,excess
0.44171268,0.04741455,event
0.19987096,0.3037974,basil
0.4586674,-0.43333685,ambianc
-0.28058705,-0.097288474,children
1.7905102,-0.0063278913,much
-0.22378705,0.0336572,sorta
-0.36479908,-0.004974284,vignett
0.1701458,-0.4380901,path
0.31275925,-0.05248966,white
-0.082010984,0.24087223,stella
0.513865,-0.42426905,fianc
0.44434923,0.40704963,bulk
0.48148844,0.4795108,martini
0.3391165,0.2639498,throw
-0.18419178,0.540324,parti
0.4927619,-0.17218912,soggi
0.6762726,-0.2898212,salsa
0.41558847,0.46199486,caramel
0.28959224,0.33181083,state
1.2991837,0.17805865,get
0.17298102,0.024882333,biggest
0.33429936,-0.16748248,etern
-0.03548172,-0.3652865,bank
0.596216,-0.4446338,tater
1.5306048,0.17785874,chicken
-0.18944979,0.3409639,velvet
0.32517523,-0.16918293,constant
-0.19819039,0.16104996,thyme
0.09944684,-0.09153045,miss
0.085875146,-0.09764074,campus
-0.39207292,0.29721916,appear
0.5293342,0.37310967,bbq
0.31917423,0.078468055,word
0.34490836,0.19246686,reminisc
-0.015093639,0.04727166,malt
-0.0016846163,-0.39648274,enternain
0.23355275,0.28504813,familiar
-0.34393665,0.48613575,modest
0.8483096,0.5526806,sauc
0.57846636,-0.1257802,angel
0.25620252,-0.38357234,creepi
-0.35435328,-0.045163747,crazi
-0.34080708,0.47234136,son
0.11194861,0.4327492,underneath
0.22610238,0.27226165,convert
0.2800726,0.4762111,skeptic
0.23848966,0.022526667,nonsens
0.14802861,-0.002661347,fred
0.26651043,-0.46635744,indulg
0.10094764,0.2335103,mandala
0.7596838,-0.20421529,fill
0.15485124,0.36004105,today
0.12608613,-0.033599053,shakin
0.20449561,-0.040265206,hubbi
0.28272268,-0.33747542,scorch
0.19671369,0.16531247,thrill
0.9351711,0.66876864,pretti
-0.39865884,-0.24730003,movement
-0.1627637,0.18068697,realiz
0.032525454,0.23822919,age
0.008663011,0.27376017,overpow
-0.08960627,0.39840898,ha
-0.3505321,-0.4084651,lobster
0.47355348,-0.2932032,sometim
0.16691229,0.5027081,chick
0.33278868,-0.2740285,opinion
-0.027749883,-0.2756184,coma
0.009835036,0.11569294,mother
1.0089867,-0.18300784,brunch
-0.024214199,0.17807254,frothi
0.42281058,-0.4717498,secret
-0.41288415,-0.17030632,chaparr
-0.30671936,-0.06097799,dad
-0.2997793,0.4407843,skillet
-0.08345313,-0.44840202,figur
-0.2330807,-0.4104533,slope
-0.31876233,0.30466762,written
0.40964386,-0.26758426,muffl
0.28559044,0.2098128,huge
0.0076312106,-0.34912717,ballpark
0.5281498,0.067772314,accord
0.021059655,-0.2764286,code
-0.15262611,-0.41612485,arrog
0.50367564,0.3571587,tender
0.4030406,-0.16664636,coarsli
0.48119336,0.14783944,de
-0.24265032,0.4934601,certain
0.078297935,-0.03680978,deliv
0.71344906,-0.052067332,deal
0.025354316,-0.37883112,beat
0.20163563,0.28273037,ear
0.58270395,0.46018872,suggest
0.32749453,0.42582,tradit
-0.30274233,0.39142567,citi
0.32481217,0.042569935,bone
0.34516546,-0.19953603,left
-0.3571017,-0.49445146,rye
0.2740862,0.5064899,dive
0.32126456,0.18494724,spent
0.9974119,-0.110817224,awesom
0.3291629,0.1408885,thoma
0.2545783,0.17405418,basebal
1.0443997,0.1750052,tri
-0.28199083,0.011763335,dice
0.3491494,0.52455974,alreadi
0.42548037,0.06757453,energi
0.036589958,0.1294953,glad
-0.048966434,0.06951813,dakota
-0.17429867,-0.02881776,mr
0.1636689,0.2097825,repli
0.038336765,0.45589826,allow
0.28035665,-0.19645283,tort
0.54414266,0.15045929,forc
-0.35763717,-0.011202479,judg
0.2437076,-0.4515329,diet
0.47508714,-0.352112,embarrass
-0.14641924,-0.35733184,bookmark
0.32915345,-0.15777375,girlfriend
0.44331026,-0.115658045,recomend
0.016885446,-0.02591469,holiday
0.007682284,0.31741706,almost
0.34892127,-0.057920203,match
-0.3226877,0.323949,cottag
0.3010366,0.24447964,blah
0.6785562,0.28647494,give
0.40344238,-0.38446465,membership
0.643716,-0.10158387,also
-0.20015004,-0.2928216,perimet
-0.32884416,-0.21416552,horchata
0.5317224,0.31507823,artist
0.068772726,0.19658154,qualiti
0.14525047,-0.45148164,rate
0.16359027,-0.03713665,aural
1.469055,0.55821973,flavor
-0.0006186719,-0.04883997,refer
-0.23328295,-0.30970153,gato
1.7038391,0.29754296,place
0.55130756,-0.19085741,tortilla
-0.38522926,-0.030004494,yike
-0.088288136,0.10483543,lesser
-0.22436264,-0.1310733,stori
0.25518084,0.10755892,ass
0.15594797,-0.08484824,fillet
0.40218568,-0.101623535,pleas
0.10265604,0.18948327,inspect
-0.34930563,-0.170906,afternoon
-0.2090738,-0.09768945,rink
0.30629203,0.06333906,initm
0.75042135,0.52510726,okay
0.41954947,-0.122102596,face
0.24425028,0.1991184,upcharg
-0.09160769,-0.100160524,inquiri
0.29509482,0.46070212,flirt
-0.011931528,-0.19820322,multi
-0.010233628,0.07627652,lowdown
0.2337009,0.36137825,disclaim
0.1832182,0.31769592,cucumb
-0.33691737,0.05901174,boddington
-0.3552539,0.16855013,tuna
-0.03381286,0.47798485,chose
0.11067755,-0.45347288,cornflak
0.498794,-0.046595037,anyway
0.27752385,0.34789497,ago
0.59067947,-0.105831996,thought
-0.15163852,-0.261815,creme
-0.1060671,-0.34307235,load
0.27905533,-0.14310144,breweri
-0.2756904,0.33955237,namast
0.393498,-0.32037535,movi
0.13757482,0.3971873,unknow
0.56079865,-0.33054173,shrimp
-0.031148069,-0.2885283,tenderloin
-0.20003906,-0.19402803,reliabl
-0.028446337,0.0069869957,entr√©
0.32557172,0.07369809,low
0.95908314,0.36069086,excel
0.4292583,0.122176476,crab
0.09869492,-0.45574945,mimi
0.42055663,-0.40316948,call
0.7767004,-0.17565267,roast
0.5178852,0.12568001,soup
-0.05875705,-0.09068994,bartend
0.38819993,-0.0060071438,tini
0.29205555,-0.20421234,meet
0.2737852,-0.3934296,till
0.31540737,0.23147891,aioli
-0.022539562,-0.10703537,nativ
0.6001403,-0.14882445,packag
-0.1472553,0.22872494,trendi
0.6773722,-0.21740913,sushi
0.47438005,0.532584,feel
0.5101104,-0.17872629,in
-0.38351917,-0.15613042,nutmeg
0.15889837,0.32073623,floor
-0.13068473,-0.4566721,copi
0.18978995,-0.09297754,bastard
-0.15742986,0.38532344,authent
-0.048819736,0.46066058,monoton
0.40343302,0.37317795,fruiti
0.062269088,0.48236087,patient
-0.026392473,-0.34433818,republ
0.14123961,0.46300355,known
-0.3531537,-0.3463482,honey
-0.07720038,-0.26228943,crunchi
0.14784367,-0.03676616,sat
-0.20517837,0.10541253,entertain
-0.16115317,-0.40466824,candl
0.49225762,0.06556184,sell
-0.3890294,0.098443076,almond
-0.3877586,-0.004826361,craft
-0.005962085,-0.37857297,use
0.18264286,0.4330815,easi
0.25547165,0.12049188,kung
-0.18025166,-0.025668692,tap
0.28480867,0.25908205,health
-0.20966296,0.12320113,filet
-0.023468064,0.38659632,donut
0.42674187,-0.13398652,apparel
-0.22433713,0.060332995,huevo
0.40175965,0.27751294,respect
0.0538982,0.11060332,drive
-0.050023418,-0.067259185,leather
0.010599157,-0.13758476,glenmorangi
-0.34793353,-0.47933888,albeit
0.11914763,0.056718398,lol
-0.018538916,0.26803747,petello
0.30558658,-0.3672732,choic
0.33783546,-0.41790265,slice
-0.20349641,0.09761929,outstand
-0.29331142,0.08037364,suit
-0.13317731,0.30327937,photo
1.0088131,0.11592157,quick
1.5450118,-0.020847643,see
0.69286513,0.47664422,watch
0.49903098,-0.013092262,articl
0.93492275,0.004118325,outsid
0.82339215,0.35874644,life
1.7993932,-0.17354132,servic
0.402829,0.2836071,artifact
0.063327864,0.15766677,nut
0.24542658,-0.33245263,produc
-0.10712952,-0.33537585,vendor
0.3363692,-0.37672448,thick
0.29944643,0.09931868,hate
-0.26598233,0.46084306,phone
-0.35310072,0.18403591,uproot
0.41280982,-0.21351422,relax
0.3932191,0.20965734,speedi
-0.14015272,-0.19851181,pricey
-0.38180074,0.31225878,glenlivit
0.41967502,0.15540698,sorri
-0.017003909,-0.09686152,imax
0.032493744,0.21803091,n
0.17421456,0.27258772,situat
-0.22482121,-0.4688023,grub
-0.34860972,-0.015581235,dill
0.48407784,0.12013061,rep
0.53780216,0.36240077,hazelnut
-0.28837347,-0.37958,shown
0.089068405,-0.03163322,group
0.68892664,-0.20317292,extra
0.54898477,-0.059690524,quickest
-0.010266086,0.5119342,concert
0.10377619,0.33961102,gross
0.28983533,-0.002179301,femal
-0.024281306,-0.4277572,nobuo
0.2525126,0.41541433,whore
0.5291482,0.5281239,coffe
-0.17070413,0.18637249,forgot
0.65494317,-0.4443347,melt
-0.072025985,0.36569637,desol
0.18581314,-0.36716557,separ
0.6623524,-0.26073113,least
0.02547314,-0.36335337,negat
0.10314502,0.025401764,hash
0.5437407,0.03881613,game
-0.19751343,0.34490436,mirror
0.70533407,-0.31972402,girl
0.49747524,-0.1454525,ladi
0.804715,-0.20290433,mayb
0.1321412,-0.2879622,cube
-0.31325918,0.43737817,bout
0.6260771,-0.15377024,sandwich
0.02214674,0.031722613,swell
-0.26405147,-0.43223956,integr
-0.013792534,-0.32685566,ate
0.7321131,-0.31722152,plan
0.5114426,0.4610772,vegetarian
0.3442956,0.32391658,brittl
-0.14846025,-0.23548892,environ
0.3552041,0.38815445,pao
0.6317682,0.14223394,beauti
0.3286926,-0.08254446,stand
0.18862908,-0.34122542,list
0.5330876,0.3859743,provid
0.62113804,0.40634182,frequent
-0.058170643,0.20706125,trashi
0.12416077,0.51717293,slaw
0.2678497,0.1502807,bug
0.004102096,0.3360142,slow
-0.030130632,0.01611253,pomegran
-0.06544558,-0.25855204,gavin
0.2745545,-0.34459022,cheesi
-0.40694013,0.06802746,freind
-0.26602745,0.35159215,stage
0.33114615,-0.14600402,add
-0.08939751,-0.44026637,echo
0.047465496,-0.24464908,hold
-0.09183954,0.2116805,everyon
0.6097494,0.20477608,margarita
-0.13061577,-0.26570868,appet
0.2782762,0.09709988,bowl
-0.10066053,-0.06249025,confid
1.0867842,0.46459305,put
0.3612071,0.18168113,smile
0.02081529,-0.13935497,intens
0.021120086,-0.08364965,fireplac
0.27783886,0.47791833,stew
0.56667846,-0.3382758,piccola
0.31131017,-0.37531406,recov
1.1097335,0.5198125,bad
-0.31731778,0.4711172,none
0.2521677,0.26577276,cajun
0.21669805,-0.42500034,foccacia
-0.22931519,-0.23749222,diego
0.22760391,0.25170523,sound
0.008904281,0.058468014,sho
0.83078706,0.1983171,reserv
0.53919995,0.34578884,guest
-0.21475531,0.28098416,nervous
-0.20986141,0.47151285,yay
-0.24397692,0.03509868,eateri
-0.12683897,0.04135228,besid
0.007066437,-0.16221882,stretch
0.005829443,0.4608494,exist
0.28210235,0.15062435,season
-0.016110754,-0.1507541,line
-0.031990398,-0.30015203,outdat
0.20773077,0.19860339,test
0.42109323,0.46768403,rosi
0.7826279,0.22440575,attent
0.6791921,-0.34190482,night
0.47036895,0.22286433,water
-0.19588186,0.46442306,tag
0.06407325,0.26708436,odd
0.18465282,0.33180904,cibo
-0.032213748,-0.26661235,focus
0.32367617,-0.42228714,sip
-0.4042512,-0.19933711,academi
-0.02645286,0.11769901,cashier
0.0033553941,-0.14031829,total
-0.0463496,-0.25413826,mimosa
0.051147807,0.005117408,uniqu
0.9219474,0.5174982,serv
0.5177471,-0.4040286,park
-0.032924302,-0.44001052,scath
0.31014317,0.4611848,amus
-0.19265853,0.4137505,salti
-0.021233808,-0.4327323,overcook
0.10252079,-0.33428335,grab
-0.054389097,0.48502725,solo
-0.21113873,-0.021856384,neither
0.52018505,-0.2321353,salscicia
-0.09927347,0.2042698,brioch
0.45061085,-0.490699,juici
-0.024833314,0.28520378,piss
0.3245307,0.51942426,away
0.4470667,-0.1457796,exot
0.6094648,0.27363253,await
-0.21343833,0.40408948,paid
0.32717943,0.47301102,jet
-0.00027122058,0.13503489,gotten
1.0141679,0.5476996,yoga
0.0966301,0.016558535,summer
0.5789199,-0.12695079,garden
0.10327599,0.17816377,mass
0.32481864,-0.1678065,land
0.49704796,-0.036259945,drift
-0.28914356,-0.2602401,rush
0.108670555,-0.2682844,san
0.87062746,-0.27160108,back
0.14554802,0.22158411,forgett
-0.04789224,-0.379269,christ
0.4112667,-0.45782268,driver
0.092088655,0.061931655,upsel
-0.04182676,-0.29947343,inattent
0.56700236,0.45087644,unless
0.2575581,0.106031716,especi
0.5362525,0.22935803,la
1.2983427,0.3145501,bring
0.26086107,0.08650454,jewelri
0.14085543,-0.40608656,foam
0.406916,-0.30272758,caper
0.18490611,0.09902611,wrong
-0.23663445,-0.23629773,elsa
-0.02177421,-0.4153788,flight
0.23634295,-0.28652474,hide
0.5948564,-0.41697648,bathroom
0.53548384,0.35036197,pasta
0.20316897,0.04328788,fortun
0.0013193844,-0.24842502,pescatarian
0.5284719,-0.057644542,gift
0.51312953,0.30847314,berri
0.54554427,0.10210455,hour
0.24815534,-0.09460328,semest
0.19989686,0.21694414,might
-0.19780755,0.48993978,dri
1.131534,0.34878853,chees
0.3817275,-0.19017987,perform
0.93334526,-0.21735914,got
0.21213925,0.33815175,polit
-0.014997559,0.31062388,saturday
0.17681025,0.43158284,rant
0.36265624,0.18411228,furthermor
0.49876004,-0.43712017,unsatisfi
1.4502033,-0.1610427,price
0.46037292,0.121684596,farm
0.82396793,0.058510475,dinner
-0.08630723,0.10849639,consum
1.1397827,0.51154906,came
0.7830981,0.40565595,amaz
-0.296219,-0.07053004,dumpl
-0.114558324,0.45201313,mad
0.22943074,0.20582137,meal
-0.111317165,-0.10160509,share
0.7665789,-0.0709819,pie
1.0743133,0.22582561,peopl
0.5388699,0.27453834,pastri
-0.3349689,-0.25465256,ghost
0.66762763,-0.24812575,mean
0.008025091,0.12800418,clearanc
-0.09300122,-0.29008424,premis
-0.23131071,0.11968625,hurt
-0.10084626,-0.110383555,must
1.5201297,0.63080335,make
0.056603868,0.08931375,combo
-0.2707096,-0.09973481,prime
-0.3426395,-0.28279728,poblano
0.4562476,-0.16492377,dragon
0.3765122,-0.18102428,applaud
0.45845982,-0.37226352,griddl
0.48868352,0.2563299,benefit
0.25348583,-0.4392932,keep
-0.3549543,0.3119043,dept
0.6079331,-0.41434774,close
0.0071981233,-0.26904243,temp
-0.18393245,-0.24594402,voic
0.103808954,0.06041755,hefeweisen
0.41164365,0.5868352,waitress
0.5162343,-0.47136867,freebi
0.18864265,0.2735594,apach
0.27505186,-0.2645516,chang
0.32464525,0.4011761,market
0.05385528,0.060731117,mistak
0.06637709,0.5581151,everyth
-0.36355335,-0.091549136,continu
-0.22496793,-0.37303433,stilton
0.30795157,0.3269352,neat
0.3852677,-0.33958218,train
-0.33347535,-0.3211078,tee
0.27163252,0.26787543,bed
1.0940542,-0.091862306,food
0.362357,-0.1363976,sweetish
-0.028584413,0.19536181,box
0.9785431,-0.05268145,check
-0.1513875,-0.36746678,homemad
-0.2620018,-0.4571818,non
0.3246985,0.0007798527,palm
0.36308667,0.24661995,steak
0.6843748,-0.24609572,corner
-0.36788252,-0.40911067,bock
-0.31508145,-0.32311994,conveni
0.51417947,0.11403844,diabet
0.27494815,0.47897002,occas
-0.271419,-0.1512954,materi
-0.115141734,-0.15541342,brown
-0.32772782,-0.34391788,church
-0.15196934,0.22057742,vintag
0.055366658,-0.43459475,content
-0.1956012,0.42816696,lamb
0.72211736,0.0708925,store
0.5127654,0.103614874,edg
0.26320305,0.39836183,expect
0.7564419,-0.26379928,right
0.58147675,-0.25433218,joint
-0.10143034,0.20892568,guess
0.419943,0.44095662,find
-0.041586295,-0.0006075413,thin
0.5330477,0.35416627,short
-0.273282,0.17013457,fulfil
-0.2831004,-0.4204844,gripe
0.3434615,0.33452907,tuesday
0.6402163,-0.029977718,convers
0.53091294,-0.1975146,kool
0.15701303,0.058122277,charger
0.35315484,0.32768646,fli
0.26171464,0.3509865,tokyo
1.0754579,0.46968123,nice
0.14499249,0.3437237,cilantro
0.3305856,0.15702859,espresso
0.419967,0.39758483,wing
-0.34867764,0.33670908,stole
0.3405716,0.1534082,hesit
-0.014604026,-0.07214702,relat
-0.3338664,0.012809286,smoki
-0.06298936,0.12363457,grayhawk
-0.23017688,-0.35390633,des
-0.3963779,0.005608647,deluca
0.9820646,-0.023716526,definit
0.5503639,-0.18532981,maestro
0.44374883,0.13643688,broadcast
-0.25978896,-0.05638964,bought
-0.0004720562,-0.17225647,hostess
0.3351733,-0.38964698,boss
0.061828602,-0.16752757,au
0.53894657,-0.10139694,fine
-0.19647604,0.30755252,strang
-0.25790054,0.1598408,snapper
-0.2541686,0.19537164,cherri
-0.031336084,0.17285042,tree
0.09043489,-0.3323078,devic
0.065267354,0.41647848,spectacular
0.10813934,0.20329228,stood
0.14817731,-0.4367419,peg
0.678987,0.15002884,dessert
0.49763268,-0.2600437,notic
0.12801236,0.245453,wrist
0.06251223,-0.17938541,teach
-0.22513798,0.0027599658,pea
1.1885278,0.15789121,lunch
0.20400177,-0.28719574,textur
-0.28278068,0.32210425,buzz
-0.2201209,0.24715663,wed
-0.30243465,-0.3206572,saltimbocca
0.7069386,0.21066393,contain
-0.45123938,-0.3510987,brandon
-0.23620072,-0.15925612,bang
0.109945156,-0.1845976,wifey
-0.005232426,-0.2573881,pop
0.7468499,0.44145077,manag
0.8355278,-0.3223951,live
0.1855138,0.38622466,whether
0.4171932,0.08939868,outdoor
0.5452116,-0.4558384,puff
-0.07428288,0.31410995,anytim
1.2139707,-0.25921607,could
-0.29659018,0.28695098,effort
0.11816035,-0.1349145,satisfi
-0.3515646,-0.22035214,step
0.52068186,-0.058206853,long
0.31366864,0.2557277,jam
-0.07483692,0.19409765,origin
0.73146725,-0.13449289,comfort
-0.09301536,-0.40808865,request
0.18767932,-0.32480508,mexican
0.6708646,0.43006638,prefer
0.9232736,0.28619793,seat
-0.0054090405,0.11468283,tv
-0.40819952,0.035632215,franc
0.042099416,-0.07514283,fuck
0.04688988,0.19272618,artichok
0.32091847,0.06824945,oblig
-0.009897403,-0.17244807,cardstock
-0.036725413,0.44990405,refriger
0.03119323,-0.015208915,oz
-0.11753285,0.42421088,cramp
0.39848888,0.3411184,boat
0.18712921,0.33396477,hors
0.22846547,-0.015681842,runni
0.4339199,-0.38006657,interest
0.4976794,0.33096057,play
0.5760376,-0.0011069257,seem
-0.22034669,-0.09968245,grapefruit
0.8893522,0.03170582,realli
0.5239147,-0.037569236,pass
-0.10782142,-0.0073974915,wee
0.06330091,-0.11661466,implus
0.7305072,0.6856305,love
0.026979728,-0.19502251,spice
0.28969806,-0.30802646,product
-0.043356996,0.0632834,tip
0.1123123,-0.1605894,portlandia
0.54925996,-0.231184,cooki
0.17337067,0.018048415,worth
0.4694481,-0.33851317,yardhous
0.46570396,-0.13850862,will
0.15556051,0.39038986,note
0.05409242,-0.36724153,booz
0.37667763,0.24629214,chipper
0.6281839,0.34939024,fabul
-0.30718094,0.058740545,sad
0.061928667,0.3605912,art
-0.40622014,-0.28225198,ridicul
0.38539046,0.3303931,general
0.22965842,-0.04179206,ab
-0.4110356,0.29757172,plant
0.36168304,-0.47545534,sniff
0.3152397,-0.030170798,audit
-0.02095217,0.19708614,inflat
0.5385662,-0.3292094,yet
0.7496999,-0.010405824,know
0.12158457,-0.122751646,center
-0.13062035,-0.40146562,fault
0.27501243,0.013151618,whatev
-0.14950335,-0.08483873,unhappi
0.23250936,0.47277182,spot
-0.21745971,0.07319712,leg
0.1138408,0.0043527395,everyday
0.09680589,-0.28464463,sang
0.55509627,-0.35756823,depend
-0.10460236,0.47281098,half
1.8573521,0.27732146,time
1.4621727,-0.3215196,way
-0.115539044,-0.00047992283,cork
-0.11541762,0.26408204,six
0.113621496,-0.043759655,tonic
0.021911262,-0.42922214,type
0.23128684,0.1506426,southwest
0.21740967,-0.26336145,concern
0.26929745,-0.24327116,sub
0.043903388,-0.3329879,pleasur
0.15269364,-0.14870171,assist
1.2553412,0.2158645,recommend
0.29306442,-0.43891084,purpos
0.2901684,0.52755284,build
0.383866,-0.3240756,meh
0.6035619,-0.17149574,possibl
-0.123712346,-0.03756992,laugh
0.07960263,-0.10400175,henc
0.5219533,0.45679733,favor
0.12337051,-0.29713228,bunch
0.65750897,0.026760023,pesto
0.53780496,0.000610479,bat
0.12807257,-0.08141789,grand
0.25523806,0.4425748,platon
0.3033797,0.005997505,hegel
0.36856133,0.47025102,peppermint
0.49318445,0.46422526,mouth
0.61567074,-0.29656455,super
0.13402905,-0.08559007,structur
-0.20052208,-0.338594,model
0.23454617,-0.09912737,neighborhood
-0.39362577,0.3934466,imageri
0.7192361,-0.08188565,wide
0.004966968,0.13306281,cole
1.1356486,0.5475925,side
0.3223171,-0.40351942,inform
-0.38531426,-0.03298424,vocalist
0.30148676,-0.06538937,defint
0.057751786,-0.10576882,respons
-0.18887088,-0.003502151,margaritavill
-0.18545339,0.27377793,colorado
0.16860256,-0.10766807,jar
0.15260236,0.1965322,yelper
1.826199,0.16571951,go
-0.02346635,-0.3744672,finish
-0.34032387,0.49826732,quiet
-0.33681342,0.26501817,quandari
0.22988327,-0.20330118,doesnt
-0.2402477,0.44869798,knew
-0.39744395,-0.0029327879,fizz
-0.4179081,-0.028622326,goona
-0.16992559,-0.1879567,visitor
-0.23914577,0.14223334,bottl
0.6708355,0.11729177,bodi
0.70811963,-0.3210572,connect
0.82121605,-0.015330122,new
0.61616564,-0.47593427,quesadilla
-0.1640623,0.099258155,starter
0.2509678,0.515267,snack
0.46952504,-0.35689285,join
0.084611654,0.2231785,treat
0.1113722,0.1367286,rice
0.7962179,0.01057069,custom
0.32457006,-0.23497288,saw
0.19913788,-0.34040812,smother
0.523093,0.1980953,experi
0.22036664,-0.4601919,clich
0.48277345,-0.42169672,shoot
0.39120802,0.25272596,noodl
0.13733856,-0.017726049,disappoint
-0.33773592,0.4083233,fun
0.12923624,-0.39027956,padr
0.34532392,-0.11111648,chair
-0.40146425,0.16904892,garnish
0.48013613,0.30719236,matchstick
0.43341643,-0.04626065,brief
0.053707395,0.37636936,serious
-0.14357418,0.3780559,fourteen
-0.20880735,-0.3000389,easier
0.029048271,0.44321197,drank
0.10718035,-0.3269615,pic
0.478657,-0.4430151,bomber
-0.15422101,0.06696317,atmoshper
0.26619518,0.03449446,money
0.6502875,-0.020565059,full
0.67847174,-0.3628184,crisp
0.14194278,-0.3598007,can
-0.23727693,-0.45062342,cleanli
-0.23469746,0.19595048,avail
0.51643056,0.30507526,month
0.658732,0.1246691,japanes
0.3643841,-0.37628895,cupcak
0.22923085,0.32384902,trolley
0.06623453,-0.19327168,butter
0.28667727,-0.2370754,tbsp
0.0640127,-0.43773097,walnut
-0.21151331,-0.1447183,diner
-0.33566374,-0.2644641,empanada
-0.35283136,0.2587293,il
0.25622565,0.2769642,waffl
-0.09029886,-0.118168466,garlic
0.4180346,0.2881925,happen
0.1690725,0.0007801192,allerg
-0.063643515,0.45722154,somewhat
0.26100275,0.52792203,scottsdal
1.3416402,0.4874659,entre
0.15457785,-0.116071686,talent
0.3546421,0.03427215,listen
0.78937584,-0.3314906,pancak
0.403341,0.39065382,abl
0.34743622,0.12146843,hous
0.45697778,-0.24584368,weekday
0.4470116,0.025105005,empti
0.36165187,0.30615327,los
0.19329572,-0.26471728,point
-0.23587959,-0.15958036,pois
0.14660354,0.25845718,sofitel
-0.082278445,-0.28070515,layaway
1.0205001,-0.26013651,special
0.5433944,-0.2774541,montag
1.3023578,0.18600506,staff
-0.082855806,-0.15773521,candi
0.023964956,0.47111925,dazzl
-0.36246878,-0.054615933,dig
-0.26367688,-0.04658614,substanc
0.67931277,-0.25056487,noth
0.24668628,-0.4834887,block
-0.20028345,0.5046444,pine
0.63234895,0.19819026,color
0.52566934,0.10292322,oil
0.5444739,0.059242643,alot
-0.29478297,-0.0821986,compani
0.058823068,0.20008375,lower
0.09647247,-0.34160998,greet
-0.14520685,-0.031413652,valley
0.1422109,-0.001241292,uninspir
0.34043923,-0.0699034,last
-0.14110781,-0.0772432,cash
0.47676212,-0.06629569,hang
0.51199853,-0.08681597,chef
-0.3075426,-0.054822166,leisur
0.4081257,-0.31880268,toe
0.3540258,0.42591834,comfi
-0.111231476,0.16843778,consist
-0.05770821,-0.4361478,mushroom
0.10378673,0.49345627,rock
-0.3049515,0.2880456,ardbeg
0.7349337,0.47451276,tabl
0.86412215,0.5282317,light
-0.3174839,0.303188,squeez
-0.21723522,-0.39132142,baguett
-0.22708318,0.12280983,francisco
0.3534203,-0.25870815,hope
-0.3670497,-0.3241614,kang
-0.06849011,-0.2910416,usair
0.9612624,-0.2913706,etc
-0.018420264,-0.33301392,nd
-0.12955295,-0.018941317,chime
0.40277836,-0.080393545,reuben
0.66820747,-0.095685326,town
0.34550148,-0.32412767,found
0.18505263,-0.21234119,wife
-0.18171448,0.073657975,mustachio
-0.40956038,-0.43420908,forward
-0.3258439,-0.45786756,invalid
0.5512069,0.11488336,walli
1.2621922,-0.33611554,small
-0.23728165,-0.3443161,min
0.20779304,0.4511642,basketbal
0.5374119,0.53668606,requir
0.61269265,0.36137542,probabl
0.42482102,0.44728264,french
0.48111466,-0.25944117,attach
0.091144316,0.13476002,wimp
0.06633943,-0.12220183,onion
0.18091902,0.25103593,drool
-0.13542841,0.39511743,transform
0.17363943,0.5106044,busiest
0.26254842,0.143952,defiant
0.34604317,0.44254008,salon
0.4276916,0.356717,differ
-0.4112015,0.42611164,steep
0.11772102,0.013727762,bake
-0.43214175,0.10518733,promot
0.112029836,0.38830614,five
-0.02534331,-0.021301525,ole
-0.19174406,-0.2823274,instruct
0.3231483,0.43289807,unusu
0.52178127,-0.35375312,maizi
0.2068825,-0.23449387,describ
-0.09478458,0.27097064,cucina
0.09945874,-0.4075036,celebr
0.06253204,-0.27796406,owner
-0.13515262,-0.16707313,tpc
-0.23186184,0.23312607,typic
1.3907756,0.21503083,us
0.1927773,-0.37082806,medium
-0.15628771,-0.048358567,idea
-0.38103813,0.43201637,grace
-0.23414838,-0.46675947,calamari
0.39677912,-0.3633806,bottom
-0.08127989,0.20934124,legit
0.27191818,0.097556666,casual
0.0107601695,0.34385404,bike
1.2146738,0.18081206,work
0.07192165,0.115030415,front
0.634459,-0.44475344,tot
0.10974483,0.22145876,immedi
-0.3364468,0.39302456,worri
0.11379536,-0.47299877,tower
-0.41687864,-0.45610332,ban
0.2983703,-0.07087814,fanci
0.21340942,0.08338804,luggag
0.35265002,-0.22831912,burrito
-0.1798789,-0.41889253,oven
0.02507191,-0.30615887,lgo
-0.2370578,-0.29289484,annual
0.44187286,-0.23903742,beef
0.48015076,0.43107843,desert
0.41352567,0.11885005,wobbl
0.8503243,-0.07484066,read
0.0021638537,0.080760576,grandma
-0.08385765,-0.18108025,sake
-0.0056486498,-0.19132073,lake
1.327826,-0.16531567,better
0.25881478,-0.36567512,pick
0.5752425,0.418711,rang
1.0059788,-0.25393543,area
-0.22808506,0.1270259,sucker
1.176365,-0.12656222,quit
0.16815619,-0.063137256,somehow
-0.32398993,-0.18835644,necessarili
-0.11515505,-0.30333036,fruit
-0.05454068,-0.24060924,fenc
-0.1754571,-0.22058456,belgian
0.2182228,-0.1790537,brake
-0.08085854,0.3933492,powderi
0.23916954,-0.42969677,yuck
0.07791063,0.08376393,un
0.045997847,-0.21878421,scott
-0.2766394,-0.056492094,protocol
0.5552416,0.11791894,heat
0.43496415,0.46456787,ring
0.54418325,0.030310573,dogfish
-0.13917148,0.2430144,semi
0.4375776,-0.45816296,tart
0.07596182,-0.27201384,creat
0.104461305,-0.33033055,woman
0.5456795,-0.30414164,kid
0.3294755,0.052792944,recent
-0.3832644,-0.07839437,kahlo
0.0030871981,-0.40511295,warmth
-0.11664709,-0.011069653,behind
0.42900342,0.4933431,postur
0.0723138,0.4472324,futur
0.5673335,-0.027749564,loveli
-0.37639347,0.47226128,autograph
0.2102891,0.51133054,classi
0.603141,-0.43485424,wish
0.0262842,-0.40838948,return
0.08159182,-0.0077503994,smell
0.63932955,0.17352207,parrothead
-0.22055049,0.4443416,crossov
0.42389506,0.47595528,asahi
-0.031476054,0.4397789,cowork
-0.08890647,0.16569342,mosey
-0.15752004,-0.33373258,server
0.77125365,-0.2829124,unfortun
0.49148238,0.03959973,lech
0.40414974,0.39736655,guid
0.4313445,-0.40338317,comparison
0.7242209,-0.28678983,week
-0.20471758,0.31841078,due
0.20488237,-0.24408521,garlicki
-0.19497818,-0.15441336,print
-0.06940144,0.48629445,stupid
0.9206185,0.14931759,class
0.3494611,0.33197007,made
-0.28216246,0.4575109,case
0.5000554,0.31124654,california
0.062689625,0.085776016,basi
-0.3002562,0.16620192,whisk
-0.33729854,0.3691131,fend
1.0224977,-0.18992239,whole
-0.16930693,0.24288508,incent
0.31353098,-0.38853997,mari
-0.07993206,0.12956583,insist
-0.07983844,0.16285782,cove
-0.15173306,-0.26736417,hello
0.45805195,-0.019770162,round
-0.33476752,-0.3301916,volum
0.87698793,-0.23651212,year
-0.2020363,-0.21429254,sun
0.0068277796,0.36507988,bisqu
0.34272107,-0.16152288,arriv
-0.011960927,-0.19327036,vegan
0.68165857,-0.24905658,four
0.52166116,-0.17167906,win
0.2713315,-0.1047037,gourmet
0.40051544,0.3884438,inspir
-0.2870685,-0.46606365,andrew
0.7859103,0.57269186,guy
0.18349408,0.19790593,ton
-0.38538983,0.4399404,ampl
0.17263976,0.6192758,ice
0.14172047,-0.13200168,nine
0.6817558,0.30223873,morn
0.99768,-0.24494885,someth
0.54869205,-0.18360227,gym
1.1129471,-0.2409955,help
-0.38841575,0.49536005,iceburg
0.42596895,-0.41011187,depth
-0.17909896,0.39777955,desper
0.31578878,-0.36313176,rotisseri
0.30943212,-0.37360704,crowd
0.9786891,0.22815803,wait
-0.07821361,0.15920438,arcadia
-0.117280126,0.29097226,bleu
0.3102995,-0.25996545,visibl
0.46992043,0.41522428,across
0.10713573,-0.3934324,appl
-0.078852795,0.29793197,cocoa
0.27610418,-0.03653371,calm
-0.09851628,0.14176771,fact
0.19802392,-0.11500707,bargain
0.5475639,-0.10146892,green
0.09825466,-0.261826,multipl
-0.19878985,-0.30958262,harm
0.60900384,0.24937783,creami
-0.008229621,-0.2823422,vietnam
-0.17620295,-0.014115435,beach
0.48383257,0.49875912,ideal
0.5981628,0.20339178,foundat
0.547474,-0.10967322,pare
0.30390453,0.18185543,hipster
0.34761813,0.28998864,drinker
-0.17383528,0.17678638,cool
0.5095242,-0.3535242,person
0.47910112,0.014020163,die
-0.13458541,0.4283633,asid
0.532387,-0.4131335,newspap
-0.014682264,-0.35381943,fraich
-0.36549684,0.41252944,dismay
0.64825165,-0.13850632,pepper
-0.15521549,0.1788352,cannot
0.5495348,0.3597693,piec
0.48374745,0.051044136,tasti
0.40423128,-0.017764019,delight
-0.19323237,-0.06690211,limit
0.83551455,0.47698066,practic
0.06610794,0.037244122,willi
1.0634106,0.33006516,told
-0.3266584,-0.08650476,mozzarella
0.3633492,-0.14040147,own
-0.046317495,0.05194191,butt
0.07820797,0.11692281,jack
0.508612,0.35152954,pittsburgh
0.3394999,0.47011453,tough
-0.034869727,0.20216917,communiti
0.47030202,-0.2583703,spici
-0.15720838,0.0004475108,conveyor
-0.33561546,-0.43597016,romant
-0.23063725,-0.1237556,yummi
1.4366952,0.2693739,order
1.3082778,0.4600378,still
0.7258272,0.34383,regular
0.24886487,-0.19959754,chile
-0.0059099295,0.23787524,interior
-0.01491285,-0.2809452,welcom
0.105476834,-0.13356897,mayo
-0.24841325,0.33466104,real
-0.19193795,-0.23302254,assur
-0.3491928,-0.44395745,overdress
0.26315084,0.2288302,incred
0.90635604,0.20920904,patio
-0.17252363,0.1506053,miso
-0.29542097,0.32623628,write
0.22772737,0.027549988,damn
0.152108,-0.15564251,cheap
0.72772425,0.31444076,rather
0.39704302,0.4195855,oprah
0.5522547,-0.2662243,sunday
0.57269585,0.1467168,wad
0.44700453,0.10977286,caught
0.20178668,0.18307403,amount
0.42237824,0.107552774,calori
0.5656646,0.3816257,premium
-0.18369828,0.028507989,choos
-0.035905235,-0.0678301,china
0.53716576,0.22695187,em
-0.22436702,0.28788978,disgust
-0.27780455,0.11286685,infront
-0.23509394,-0.111257866,tish
0.03769152,0.38666305,surround
0.113619484,0.52386194,soon
0.5422981,0.37235758,staircas
0.10880077,0.53082657,mole
-0.22021905,0.0077294325,corn
0.48655125,0.43951455,worst
0.5463134,0.23718894,gingerbread
0.21231452,-0.461923,oakvill
0.26344794,0.3007474,bacon
0.004199628,0.048942577,addict
-0.12805787,-0.20648949,comp
0.38430595,-0.25735176,instal
0.42310193,0.31262046,auditorium
-0.3546694,0.25129208,pinkey
0.14287724,0.31104255,healthi
-0.31881547,-0.13444045,notch
0.37027,-0.4627018,seal
0.27247778,-0.408759,budget
0.3501854,0.15228145,hockey
0.42891473,0.36138552,brunett
1.3915673,-0.06448851,delici
-0.229061,-0.032448083,dress
-0.30243963,0.4631597,relationship
0.26268634,-0.2733564,club
-0.4023699,0.36994678,construct
-0.13403855,-0.029173495,kneel
0.16094406,-0.34780574,heaven
-0.2444206,-0.31758413,ur
-0.039188057,-0.049029216,italian
0.045159247,-0.0700394,boutiqu
-0.25169405,0.2838579,crave
-0.3165286,0.10868785,discount
0.2801489,-0.16440396,chines
0.15279008,-0.29236758,ethnic
-0.28374067,0.16499221,bill
-0.15163925,-0.3255836,wow
0.28283578,-0.114565425,sivananda
0.012349726,0.13845333,embrac
0.40600026,-0.041672077,tunnel
0.56165975,0.20344514,ghetto
0.61501586,0.09311433,bomb
0.42682007,0.48318192,chain
0.09743636,-0.22619829,program
0.23210353,-0.38138998,stay
-0.40712085,0.2540921,central
0.55101204,0.20959067,pub
0.1419096,0.4889516,pear
0.6081,-0.19728243,pickl
1.3011389,0.54050165,friend
0.045214437,-0.016989447,lobbi
-0.33303094,-0.25509065,pudg
-0.12104882,0.39994934,cinnamon
0.3473915,-0.095012985,head
-0.28231743,-0.28445745,vs
0.8477203,-0.32716784,actual
0.68610245,-0.009290336,open
-0.28823295,-0.10784146,afford
0.024828004,0.123463295,bakeri
-0.08728519,-0.31425542,race
0.57465285,0.25803667,job
-0.1002913,-0.08460534,cheer
0.3594731,0.5239609,impress
0.11158597,0.3803593,key
-0.123276874,0.18958856,stapl
0.39717704,0.37117416,cloth
0.0111672515,-0.24876152,everybodi
-0.14256708,-0.47489056,trio
0.5173572,-0.13567828,ck
0.29658374,-0.021626497,chandler
0.17571107,0.23741768,orang
-0.17336497,-0.35706708,ahhhh
-0.15187341,-0.031006347,pool
0.04003558,0.2157281,loud
0.24461412,0.10103058,fish
-0.26297164,-0.42236686,roll
-0.066744186,0.22844,darn
0.54296833,0.042371273,carri
-0.13458516,0.022067033,relief
0.20007612,0.40216443,laid
0.018094096,0.35431919,decis
0.6402279,-0.12081507,sport
-0.0004582107,0.4233559,plenti
-0.4318471,0.50710833,caus
0.23841855,-0.33695713,true
0.15714256,0.27020127,storag
0.27516687,0.27394232,ambienc
0.20411602,-0.3894897,syrup
-0.2611441,-0.31640413,episod
0.49342918,-0.408368,rooftop
0.07931892,-0.33898148,buffalo
-0.0032336365,0.3314674,smoke
0.6745487,0.059553504,less
0.48385268,-0.13735875,swirl
0.23570189,0.04636623,though
-0.1689563,0.3647853,east
0.68848014,0.30195355,bite
0.19293764,0.14055099,inserthighendretailerher
0.015995955,-0.26278868,factor
0.44350946,0.1674626,wrap
-0.22157475,-0.018498644,cocktail
0.51242435,-0.24397343,usual
0.4997748,-0.17395006,chicago
0.321766,0.41203082,zihuatenejo
0.21871923,-0.45468485,fountain
0.5353152,-0.046722412,apollo
0.3187055,-0.10146646,understand
0.22904909,0.32595637,near
0.4652004,0.3313659,jason
0.45471758,0.48809022,cheaper
-0.23742537,-0.25151363,duck
-0.27929556,0.34432846,dealer
-0.38803202,-0.4898299,renov
0.7397548,0.44294137,happi
0.19636248,0.280855,overpr
0.6842576,0.51650995,speak
-0.041372344,0.17047244,uninterest
-0.09356608,0.20188317,dean
0.32664737,-0.33140352,deep
-0.113873355,-0.29072708,atm
1.1395851,0.31578594,style
0.8251101,-0.41409564,seafood
0.5763007,0.054520987,spring
0.3270346,0.38315314,slight
-0.1320691,-0.3684122,brought
0.23596317,0.27328122,space
0.55597174,0.007770474,lose
0.54476064,-0.32381546,wilt
-0.051786717,-0.34513047,grew
0.21153298,0.38568372,rememb
0.27688244,-0.2910372,beverag
0.06958046,-0.110411294,yesterday
-0.018567951,-0.40261328,abstract
0.11426263,-0.15250145,yum
-0.18674412,0.029709227,strong
-0.047697246,-0.41312873,corpor
0.66616505,-0.15184163,clean
0.4450839,-0.23357877,wooden
0.5000397,0.09061556,kimchi
0.15941015,0.12089949,mock
0.39518294,-0.24941441,baja
-0.12120856,-0.48232007,dawn
0.33956453,-0.38029042,addit
-0.055705998,0.051999327,entir
0.27871063,0.46450362,meat
0.08439647,0.4756645,ipa
0.5111795,-0.006621549,cation
0.16318992,-0.26997453,most
-0.16778453,0.40914455,everywher
0.52107537,-0.472336,clubhous
0.6575352,-0.106808804,appetit
0.30272046,0.22921349,cordon
0.030518938,0.29553783,yelp
0.38824964,0.2813021,trout
0.47989494,-0.020825425,combin
0.36790544,0.47197813,singl
0.51771903,-0.016976904,athlet
0.88936937,0.28499788,wonder
-0.28314438,0.11642787,ball
1.1089374,0.06618943,cream
-0.42933995,0.2644161,mush
-0.31863508,0.48935816,mild
-0.3887477,0.06272328,blend
-0.30303112,0.24448343,appeal
0.011752047,0.5911489,atmospher
-0.07196451,0.37533447,birthday
0.44539893,0.3247241,said
0.39447832,-0.3266405,masala
0.117750615,0.49691483,mahi
0.25051534,0.42631075,donat
0.52715284,0.24327478,afterward
0.11124127,0.14120212,resembl
0.41242284,-0.39475223,pile
0.48193213,0.058113094,raw
0.4241954,-0.2727745,takeout
-0.24911258,-0.32997763,tattoo
0.3443667,-0.17757301,charact
0.053961962,-0.36536276,wall
0.5462833,0.36517167,apart
0.0652772,-0.26285696,speaker
-0.07918939,-0.43146402,famili
1.2961049,0.4720864,busi
-0.28117165,-0.27447566,dolc
0.45884138,0.38191938,quest
0.023082573,0.15216936,leav
0.29986012,0.028589934,minut
-0.26603347,0.38721597,boy
0.2812941,0.31327358,hype
-0.109931685,0.15113722,stationeri
0.5214903,-0.11172196,spacious
1.4100977,0.629615,thing
0.46669218,0.050402887,ador
0.075746626,0.451024,exchang
0.22328551,0.06718468,anywher
-0.19199854,0.33118275,stuck
-0.01583984,0.36090878,fluffi
0.33904478,0.49956012,travel
0.64390945,0.41997758,simpl
-0.15381198,0.49757585,corona
0.04775318,-0.0155219305,dude
0.4917773,-0.4327079,blow
0.21030007,-0.11553032,skinni
0.22977936,-0.31536195,mister
-0.08477048,-0.118479565,red
-0.04653245,-0.14217182,admit
0.38538262,-0.38204828,door
0.12429881,-0.4711385,dealt
-0.28077888,-0.0029824867,unot
0.1735268,0.42224708,inevit
0.18081865,-0.017710304,blown
0.010052869,-0.34813938,sure
0.49774045,-0.14113636,various
0.4128522,0.19010589,presenc
-0.03687364,0.46289378,patron
0.15182537,0.3699261,three
0.36590964,0.44787034,move
-0.21313503,-0.4425666,appropri
0.84310925,-0.3564662,fresh
0.49070117,-0.30561122,dunkel
0.23440303,-0.23730783,credenti
-0.21971011,0.15920165,fare
0.11790254,-0.189255,hover
0.5220103,0.4629695,perhap
0.2164397,0.18335684,browni
0.55140424,-0.3583817,rotat
-0.05042709,-0.45545173,window
0.4117853,0.29799157,ad
-0.06125873,-0.48391816,thru
0.20495768,0.17746665,earli
0.36326733,0.08210898,crudit
0.3783408,0.4037609,includ
1.9623723,0.71618354,good
-0.008322349,0.20563926,undercook
0.58130413,0.37608185,jug
1.170712,0.3294477,lot
0.32482845,-0.39142784,bride
0.664904,0.10923338,shop
0.1114281,0.4258131,american
0.06600423,0.23462018,redeem
0.1853583,0.33397973,tell
-0.08358979,-0.16117969,reliev
0.019109659,0.17282984,truffl
0.4789254,0.18055357,manual
0.0061702197,-0.2043666,paint
0.18551292,0.3013818,road
0.5471917,0.42853588,fan
0.15989523,0.38909322,dvap
-0.10515985,0.14127928,southwestern
0.39143077,0.033233587,reclin
-0.008279634,0.029266017,enjoy
0.05334216,-0.07341566,lololololololol
-0.1268602,-0.15290317,oldi
0.16052754,0.2577767,buckwheat
0.6488476,-0.15784442,final
0.2601591,0.120987765,pull
1.0213785,0.4662687,want
0.32073236,0.33871767,dusk
-0.015734738,0.49298117,tooth
0.20871732,0.25246605,automat
-0.29112422,-0.05183241,posit
0.59625244,0.30804294,whenev
0.30976516,0.11853988,everi
-0.29109523,0.29934746,fixin
-0.15264308,0.007918244,scrambl
1.4103179,-0.17800249,eat
-0.1930749,0.2613161,desir
0.11442267,0.2878284,matter
-0.29088506,0.119106114,remind
0.1797512,0.51295817,snag
0.14691533,0.021384895,talk
0.6497887,-0.33294863,gelato
-0.34406975,-0.09006592,branch
-0.07136412,0.39081937,soda
0.10294362,-0.09068937,morton
0.3416471,0.1461681,sick
0.39033487,0.4019336,fit
-0.027208174,-0.3945134,except
0.57472116,-0.43779463,expert
0.41432813,0.29748952,along
0.45685703,-0.35005715,averag
-0.13277306,-0.14946279,ranch
-0.036617357,-0.47098383,soul
0.27004296,-0.29683766,phoenix
0.6125045,-0.43946588,anyth
-0.08507193,-0.17179051,stock
-0.14340368,0.3481994,grill
-0.027246837,0.28904286,regard
0.6902556,-0.29392016,carolin
0.5224267,0.2771247,picnic
0.45288923,0.3372022,creamiest
0.86714745,-0.107367255,take
-0.17126568,-0.20838825,phenomen
-0.0786165,0.24589919,coconut
-0.41816086,-0.12123034,warrant
-0.41747048,0.42975122,shaker
0.10016171,-0.2626694,stick
0.09991679,0.06956857,dog
0.29009843,-0.18790174,chewi
0.8766523,-0.12569246,big
-0.109805346,-0.26168764,heafti
-0.24154128,-0.2743079,island
0.3410413,0.14116834,complet
-0.3282018,-0.2383253,distanc
1.0324736,0.14709301,warm
0.4069538,0.17054911,smithwick
-0.435449,-0.07410014,stellar
0.50283724,-0.0025911464,inst
0.30420375,0.021480335,grasp
0.11652139,-0.12733284,panera
0.1358413,0.14152116,cat
0.42696324,-0.056064215,ricki
0.4823807,0.18343554,dime
0.044689804,0.21963213,remark
0.20886412,-0.06473124,ami
0.021614173,-0.16142854,teaspoon
0.5488939,0.0968979,ride
-0.32847595,0.4338353,histori
0.51336324,0.094310805,comeback
-0.44460335,0.48835096,deliveri
0.013195109,-0.06402421,manic
0.15850584,-0.0688276,ahi
0.16008185,0.35825196,jon
-0.24316132,0.21493289,tang
-0.19072947,-0.11643148,fast
-0.17193219,0.092803136,fig
0.98566103,0.47880602,pizza
0.8780786,-0.14386384,absolut
0.298402,0.09302878,liter
-0.3049353,0.20171452,jesus
0.64852965,0.26523545,sweet
0.5406283,-0.2560056,goreg
0.50616324,-0.36060306,deck
0.19640796,-0.06620439,belt
-0.10684604,-0.3365761,carrier
-0.23342103,0.25860423,par
-0.021176513,0.43039614,wtf
0.4599807,0.2318626,began
-0.09834113,-0.3795011,father
1.3728441,-0.15032394,high
0.5355397,0.5338277,pm
0.33838683,-0.11054237,signific
-0.25487047,0.22616087,yellow
0.405221,0.006297339,start
0.16879871,0.048426025,exud
-0.15096588,0.18106651,gaudi
0.368604,-0.1547238,hint
0.8145657,0.28923714,alway
-0.042673737,-0.4792742,maitr
-0.38100013,0.46395263,stack
-0.40844068,0.011535782,loooong
-0.23160675,-0.037164357,joy
0.22527848,-0.17554837,appar
0.40729272,0.4067455,paradis
0.14164613,0.22907892,secur
0.0727232,0.0635082,senorita
0.94204503,-0.1388465,ask
0.3620652,-0.23362239,ashtanga
1.035781,0.5641679,perfect
0.2618281,-0.08505453,handmad
0.15278834,-0.4086124,kudo
0.3336026,0.36702144,shred
0.41882733,0.020070942,prepar
-0.2049577,-0.47263345,catalog
0.104521856,0.45532012,whisper
-0.33913097,-0.239623,patt
1.3763044,0.16838892,bar
0.56540203,0.28146017,mini
-0.13280076,-0.39965492,complimentari
-0.0390387,0.15400074,determin
0.5344399,-0.47600877,belli
0.30702645,0.36600405,els
-0.17465697,0.061425913,settl
0.0557707,-0.44095796,shiner
1.0789025,-0.046338454,around
-0.15133333,-0.32840163,tab
0.38610527,-0.36399746,mmm
0.7776191,-0.2005294,bit
0.057841387,0.066991776,ensur
0.3531306,-0.032327857,lux
0.6373303,0.46174094,valu
0.6684596,0.084108576,star
0.69685775,-0.20038217,extrem
-0.26404282,0.07743284,kinet
0.09218622,0.02001395,waiter
0.17289326,-0.4034307,taken
0.518905,0.2936325,veget
-0.36336073,0.48127353,winner
0.4075998,0.2145705,youth
-0.1512769,-0.32547104,technolog
0.40402296,-0.30014536,macaroni
-0.363594,0.20702556,needless
-0.14112152,0.33701935,mmmm
0.4763497,0.25860322,accept
0.4774152,0.16956726,brand
-0.05708424,-0.4763743,cram
-0.22690155,0.17597435,dip
-0.16629587,0.4019261,ricotta
-0.048817053,-0.19550888,world
0.3756411,-0.39043415,trip
-0.19069344,0.118143424,remodel
0.87363446,0.16884182,menu
0.13470408,0.29671186,stout
-0.14790192,-0.12149918,young
0.22323768,-0.23739798,correct
0.00019572664,-0.38028583,dim
-0.14927046,0.1340751,banana
0.050601676,0.45564768,music
-0.1629781,-0.35502777,cute
-0.37458694,-0.034589574,aw
0.29920647,0.24523795,shark
0.5516504,0.23347574,difficult
-0.13214646,0.07595309,stool
-0.220695,0.19334011,may
-0.38154426,-0.1153386,date
0.2385588,-0.031754814,fat
0.28897634,0.3200603,growler
-0.39574504,-0.32275936,cheeseburg
0.18278743,0.16045141,gem
0.24288474,-0.3176051,cloud
0.5930767,0.107230954,card
0.45113248,0.23567061,imposs
0.012261459,0.010993915,either
0.17474093,-0.13003539,innov
0.13344888,0.094028324,cell
-0.16151045,-0.26073226,far
-0.15322067,0.20013092,sudden
0.07735239,0.4765938,earlier
0.2356105,-0.16930248,insid
-0.17534922,0.4451178,nonetheless
0.03133505,-0.027759956,someon
0.5695609,-0.30103683,basic
0.21920343,0.34180346,follow
0.22156118,0.29475713,host
-0.07136417,-0.40039393,kind
0.092518106,0.43045133,book
0.20301864,0.3189342,blt
-0.32338306,-0.4331583,rais
-0.33007842,-0.4504883,couch
0.9005046,0.54867566,stop
-0.0666504,0.41995028,local
0.116093434,0.38741493,solv
-0.30812445,-0.24852318,break
1.4170132,0.64423907,well
0.045366146,-0.47659278,switch
0.53070945,0.29819763,gratin
0.043304905,0.1585151,creativ
0.11734905,-0.005035938,mix
0.2521295,-0.42143533,disast
0.21458817,0.24690814,renew
0.4377287,-0.45971557,function
0.27985817,-0.45838967,profesh
-0.025888136,0.38002163,tilapia
0.39787638,0.04833858,explain
-0.36098823,-0.37028238,togeth
-0.1126521,-0.15328869,apolog
-0.20276374,0.48500085,detail
1.0979382,-0.24581158,day
0.1457451,0.064101726,outing
-0.15123492,-0.088376425,met
0.2674366,-0.014131826,screen
0.2918979,0.2534565,onlin
-0.16890751,-0.14005077,panama
0.50206697,-0.18913756,lie
-0.44737634,-0.25541458,sweeter
-0.31114444,-0.26231104,rude
0.4559963,-0.3544678,asu
0.43700087,-0.034557626,dick
1.1142386,-0.16700897,walk
0.19678105,-0.09667391,awar
0.39540058,0.45711318,centric
0.32603097,-0.09371812,bun
0.26158312,0.13518345,studio
-0.13795976,0.10898042,sort
0.561803,0.3850222,concept
0.16417465,0.20089145,ran
0.4923607,0.3636496,steer
0.016238024,-0.1317559,freshest
0.47721624,0.2631976,info
-0.28651646,-0.016342402,decent
0.61849564,-0.24911132,two
0.08013352,0.030300988,upon
0.547193,0.35720563,featur
1.1550728,0.039512165,great
0.036147412,-0.3882444,acquisit
-0.07792542,0.40721127,stress
0.18859038,0.27273494,brie
-0.015946826,0.44272152,ceil
0.43562475,0.07041841,english
0.19963634,0.42670816,repres
0.5328613,0.5030886,mandarin
0.7837249,0.16162236,breakfast
-0.11636273,0.10891926,lemon
0.46418956,0.14876434,advertis
-0.37259686,-0.11680157,smog
-0.22763176,-0.12408611,solid
0.45737374,-0.045001827,although
-0.28192002,0.17535332,within
0.5701331,0.38671198,profession
-0.23906592,0.11179195,websit
-0.31634715,0.38831136,stone
0.20435576,-0.2224047,mushi
0.470295,-0.025354667,pair
0.08086123,-0.34546334,yeah
0.0048853043,0.5209524,problem
0.72234493,-0.36665466,believ
0.15442346,-0.09881044,wyder
-0.35675228,0.22038883,bon
0.48804492,0.20187715,dozen
0.56404686,-0.04860336,north
-0.09005262,0.17611265,past
0.32913065,-0.4543017,answer
0.1168521,0.20883255,particip
0.35905808,-0.16087346,salt
0.58795446,-0.1102441,dread
0.51805913,-0.2325792,weekend
-0.2983272,0.12889932,blanco
0.24348488,-0.030832764,dish
0.03869411,0.3423896,chop
-0.31915104,0.3045084,rueben
0.51379853,0.19221236,employe
-0.03125507,0.3579398,fashion
0.3741268,-0.0044991365,spotti
0.530859,-0.2788793,u
0.47816074,0.068481214,car
0.2988771,0.25763988,chutney
0.11530688,0.22286256,goe
-0.10200271,-0.3802688,scrape
0.9887909,0.081313714,decid
0.46047947,0.29876712,quell
0.020094842,-0.43446,cover
0.18261887,0.5152823,hell
-0.24165392,0.38351217,concentr
0.038225416,-0.027041202,airlin
-0.1315664,0.47066036,design
-0.05308813,0.07479367,condesa
0.46702635,-0.034271464,cliff
0.20222382,0.42736927,charg
0.5536458,-0.35395172,wore
0.7963387,0.29071578,tast
0.04085162,0.37581474,burro
-0.13609423,-0.19996157,beyond
-0.39694816,-0.23213853,affect
0.19906285,0.28911313,preview
-0.016954727,-0.049188625,mind
-0.26307657,-0.13491134,facebook
0.695987,0.391555,split
0.42155695,-0.1686605,heavi
-0.22745481,-0.37391645,compliment
-0.024638042,-0.2837325,spicier
-0.007895898,-0.10798286,orgi
-0.40492016,-0.119528264,admir
0.5005554,0.08609401,number
-0.29321244,0.40704936,dead
0.3389187,-0.35129067,x
1.8370663,0.50801826,one
0.32340744,0.22006246,lasagna
0.5378292,-0.23239422,sale
0.4770002,-0.34705833,ranchero
0.3686555,0.48452222,grant
0.40859938,0.43995818,starch
0.41911235,0.09055197,street
-0.25805163,-0.3860144,shack
0.6795605,0.57727534,larg
-0.40453324,-0.18233924,radish
0.5535328,-0.2767951,p
-0.20730102,0.28537998,omelet
0.49122268,-0.13896894,locat
0.082110204,-0.16135941,bagel
-0.038254607,0.37108204,knot
0.30150467,0.31505302,app
0.6686434,-0.18038766,mani
0.8889315,-0.13859177,think
-0.25288212,-0.28462335,specialti
0.5182632,-0.28651133,cake
-0.10531359,0.49792778,stare
0.4569928,-0.35990372,ahead
0.12215203,0.41686,memorabilia
-0.20349844,0.36225036,shopp
0.4269833,0.24839337,ingredi
0.26211777,-0.46479756,bitch
0.2012065,0.3744848,given
-0.32202992,-0.16225748,challeng
0.3560008,0.23741628,counter
0.033211924,0.024857027,declin
-0.009595583,-0.16258499,l
0.49937823,0.4368007,ixtapa
0.3781462,0.34845358,folk
0.2735511,0.37837407,cut
-0.25335488,-0.1854947,rokerij
0.029394217,-0.3986613,gallo
0.3132329,-0.20978075,airi
-0.012778417,0.1872274,gyro
0.5374873,-0.09751199,later
0.14568594,-0.16171654,lettuc
0.04567346,0.050445046,gravi
-0.05605455,0.0491588,oppos
0.3361591,0.50611967,warmer
0.0632117,0.4883356,marvel
0.37727815,0.14240979,fair
0.3561171,0.19967303,establish
0.6286028,0.38492838,mood
0.119502574,-0.023504676,end
0.5323848,-0.41175476,lime
-0.33215803,-0.09481937,modif
0.5327066,-0.072594136,hard
0.3198144,0.5474398,done
0.5001419,0.4184958,longer
0.03765932,-0.41760483,crispi
0.5068202,-0.21062028,picki
-0.22336611,-0.0561979,aircraft
0.56444764,-0.25197273,readi
1.4157428,0.51093805,restaur
-0.18265973,-0.050225038,snickerdoodl
0.7060809,0.40394706,need
-0.3790222,0.1781037,ascent
0.40191853,-0.014802717,portion
-0.070919044,-0.24872532,honest
1.9090896,0.7185812,like
0.7740499,-0.16816647,reason
-0.030369746,0.040741526,highland
0.3411611,-0.06066506,varieti
-0.20316902,0.114678726,groupon
-0.10120918,-0.33735418,appoint
0.08053109,-0.11530805,vision
-0.23833023,0.29763052,aid
-0.16400188,0.24227926,simpli
0.24121656,0.07935891,present
0.53707826,0.48621356,other
-0.25058186,-0.27534306,ginorm
0.44624367,0.4132503,gristl
-0.06281715,-0.21350361,arm
0.40165198,-0.1376585,weather
0.42096615,0.09511128,jimmi
0.33965117,0.092382886,tea
0.54293156,-0.042526916,sugar
0.20581782,0.013805701,hand
-0.2645989,-0.108386226,team
0.25660503,0.12516809,eaten
0.2058916,-0.30161867,bean
0.7049746,-0.22440015,issu
0.12478591,0.06738039,turnip
0.4612077,0.09644546,independ
-0.36345935,0.4535266,strawberri
-0.17417651,0.09594493,tofu
-0.15470655,0.36536387,charm
-0.30091354,-0.32647827,casa
0.2566993,0.50020665,communic
0.33341625,0.020054255,hmmmmm
-0.36225462,0.36899316,opt
-0.40168583,0.17719194,blacken
0.39777467,-0.32033056,liver
0.74686366,0.07599949,part
0.35193786,0.055125054,horribl
-0.27045962,0.26009202,black
-0.40711996,-0.0913924,moder
0.948647,0.042391744,toast
0.71077955,-0.034456287,gone
0.0072203916,-0.36023542,throat
0.45938054,-0.08955761,mail
-0.3085902,0.39550593,crew
0.11996946,-0.38217634,coup
0.8038872,0.02745925,mention
0.6193184,0.089427926,underwhelm
0.35161102,-0.28235224,rd
1.0824441,-0.10087544,select
1.4076214,0.5492801,fri
0.61587024,-0.030431863,platter
0.53106767,-0.3080273,taco
0.47106874,-0.47945988,biscuit
0.4406059,0.52452934,pleasant
0.15149944,0.44031802,bruschetta
0.21443927,0.17969503,hungri
0.34118098,-0.061835755,home
0.5225126,-0.30559784,principl
-0.14696988,-0.35842094,drum
-0.003894503,0.18261129,divers
0.5849823,-0.33300707,thunk
0.6461219,-0.17753275,excit
-0.08929698,0.33984968,reach
-0.1499813,0.34233394,barista
0.16880867,0.36268938,fantast
-0.30781507,-0.2139643,teacher
0.35927582,0.4016714,particular
1.3589606,0.31200206,burger
0.5037107,0.25744882,strongbow
-0.26308477,0.46135017,display
0.3189805,0.08521243,marci
0.7657207,0.2860251,never
0.19675316,-0.2501575,retail
0.08143879,-0.27838233,manicur
0.2903044,0.13404593,emerg
-0.1233571,-0.43475834,receiv
0.5043662,0.35243756,kitchen
0.56135744,-0.06887983,cheddar
0.12444608,0.15859899,giant
-0.01854618,0.2839425,yes
0.39050043,-0.4352589,terrif
0.48671848,0.30906612,anoth
-0.19240095,0.00012434882,denni
0.51661,-0.40884247,stale
0.9743555,0.23014838,say
0.20390436,0.020071397,conscious
0.74657756,0.3873246,without
0.032627925,-0.41546327,jean
0.16033034,-0.381117,pay
0.040261835,-0.1975461,discov
0.3399528,0.50380033,dollar
0.27459228,-0.41925505,singer
0.24686812,0.13348435,whip
-0.39093947,0.05941213,poorer
0.22118767,0.099164255,adult
0.30664656,0.22770868,crust
0.26531827,-0.2452451,boo
-0.28237155,0.43587145,litmus
-0.049783077,-0.1732104,avoid
-0.28207427,0.03067446,gave
0.8080707,0.31457248,pack
-0.01645125,-0.2579178,target
1.2259176,-0.1509902,wine
-0.11816326,0.42563343,foul
0.41260123,0.21588758,hot
0.23500386,0.16656189,suck
0.39702457,0.3795487,tad
0.079574816,-0.3733272,charli
0.05141696,0.025139255,mitt
-0.41362032,-0.4490051,reduc
0.5902171,-0.43920466,milk
-0.38568532,0.1422663,oooh
0.3485088,-0.16408004,anxious
0.30665886,0.024234185,forev
-0.12049127,0.10048984,similar
-0.04243104,-0.0034725117,anyon
-0.27421117,0.3569177,leagu
-0.2036881,0.3557981,lolo
1.2061564,0.39391106,drink
0.56235015,-0.34767726,mission
0.29074213,0.2380791,ravioli
-0.20035718,0.46067235,instead
0.5078617,0.031568747,ray
0.3456091,-0.24224101,tiramisu
0.269182,0.23765072,kale
0.25680643,-0.19362123,thank
0.3952875,0.077915244,champagn
0.5416345,0.24873823,frida
0.50508523,-0.1793304,sour
-0.40801132,-0.15525784,poopi
-0.18009864,-0.43821266,relleno
-0.1122479,0.33923677,spoke
0.4833308,-0.030821037,panini
0.38109118,0.114898056,diaf
-0.23198716,-0.13413045,cider
0.49271223,-0.16961157,room
0.35491037,-0.049193125,hidden
-0.02163841,-0.32479513,invit
-0.013586098,-0.40070188,friday
0.3073373,-0.017805178,sausag
0.23729403,-0.35841608,becom
0.5480781,-0.29266357,shade
-0.040074017,0.07045599,stuf
-0.15057975,-0.07732864,tai
0.48378846,-0.18312453,player
-0.40477633,0.09580817,loaf
0.53354985,-0.2840775,unneccesari
0.38494763,-0.19706796,alright
-0.10248905,0.38474345,arizona
0.30918604,-0.2856576,scent
0.32461715,0.48607373,offic
0.43351427,0.027069228,med
0.079445586,0.007586536,third
-0.075979896,0.08972174,luck
0.38759887,-0.2459655,overwhelm
0.5063056,0.12258351,egg
-0.2722908,-0.46253633,oliv
-0.23835902,0.15783565,bother
-0.15046197,0.07094894,reassur
-0.2891366,-0.25707233,signatur
0.0051269867,-0.19369726,wind
0.21212938,-0.24839549,rare
0.44999754,-0.28003544,name
-0.2749097,-0.31954134,pad
0.8384029,0.23291919,stuff
0.35950857,-0.007898078,freeway
0.56602705,0.022083096,cost
-0.16050932,0.17075619,dine
0.44475397,-0.1284657,alphagraph
0.59119433,0.2357774,th
0.48712862,-0.12045822,chic
0.2621673,0.085835025,coupl
0.97937304,0.36187688,took
-0.012705552,0.067026064,school
-0.0663203,-0.46610087,veggi
-0.024808496,0.15619795,exact
-0.20940694,-0.14764361,nearbi
0.0036154976,0.0037051078,cold
-0.3635873,0.4414092,pure
0.25031194,-0.40603083,prosciutto
0.17738554,-0.06576032,toddler
-0.1657025,0.5170644,mart
0.68712443,0.07486598,calzon
-0.2608576,-0.36735037,kinda
0.22372483,0.35549855,went
0.55456287,0.15928897,clumsi
0.19240125,-0.19704339,normal
0.27063286,0.08042268,perch
1.0112412,0.62060523,beer
0.039364155,0.4026776,onto
0.03802987,-0.21493597,xeriscap
0.23631792,0.016377093,v
0.12973392,0.39572453,rib
-0.4110369,0.50688887,hit
0.21735041,-0.36264554,mom
-0.02062213,0.24899729,gonna
0.47525918,-0.28000695,clear
0.45315033,0.49407545,pet
0.6387943,0.0015199067,assort
0.37577966,-0.08791143,nirvana
0.2163823,0.057030827,pork
0.5187877,0.5231283,peak
1.5868679,0.44418266,salad
0.46458396,0.087998345,soprano
0.38931116,0.0075141313,squar
-0.28217128,-0.01948382,fix
-0.14204088,-0.3593173,wanna
0.31810638,0.33351877,former
-0.25824904,-0.40805,ditto
-0.27072233,-0.03298624,biographi
1.1112492,0.59014696,care
-0.04140196,0.17262329,page
0.52313787,0.43593538,oldish
-0.11470162,0.026223104,layov
-0.08451774,0.13846387,burlington
0.55466956,-0.28117752,forget
-0.2467397,-0.30449668,mac
0.16680199,0.27700815,vibe
-0.44123003,0.024089476,anew
0.13759547,0.1658435,e
-0.056064155,0.15744936,show
-0.2226713,0.41585085,john
-0.08836683,-0.45289865,eight
-0.20021877,-0.432412,trail
-0.2747893,0.40077353,pour
-0.31348193,0.17530186,introduc
0.6795789,0.08957909,buy
-0.27917635,0.46135628,risk
0.10555048,-0.11622585,flow
1.0164646,0.17391084,favorit
0.24072231,0.39793372,hmm
0.24901769,0.36050898,lost
0.36769265,-0.4014198,shock
-0.23950098,-0.24332868,shit
0.28533527,-0.09613968,action
0.07722034,-0.3709536,limp
0.0760804,-0.40071082,assault
0.48299116,0.49073747,endur
0.25130045,0.16098605,sever
-0.12139364,-0.40468436,pancetta
-0.3566021,-0.36717018,wood
0.7495794,-0.028663734,review
0.20682621,-0.4692295,shoulder
-0.24359426,0.27201918,felt
-0.16549206,-0.017020108,scotch
0.019509846,0.026066165,deport
0.3014906,0.1573977,catch
0.08567977,-0.1466891,nail
0.42263123,-0.1692554,downstair
-0.062211208,-0.36369228,chili
-0.14193052,-0.14343515,wednesday
-0.08123068,0.040895358,accid
0.028992804,0.06866241,pedicur
-0.14204167,-0.30679402,claim
0.41100127,0.44994986,wal
0.5986654,-0.16175748,man
0.0511215,0.10444958,kept
-0.33948475,0.50056326,otherwis
-0.06871135,-0.45008934,visual
-0.14213797,-0.08504095,rave
-0.08752575,-0.28597757,jukebox
0.15258871,-0.19408347,carb
0.00018525109,0.1637236,singular
0.5765598,-0.14798407,specif
0.24815698,-0.43159893,wander
0.037709117,0.51143676,chocol
1.1171516,0.48321345,come
0.23911619,0.43783447,turn
0.4938445,0.29960743,ground
0.1501122,-0.4263715,frantic
0.5223507,0.29451683,pocket
0.06404437,0.51058364,salmon
0.19440244,-0.07800591,jealous
0.0544216,-0.10974143,recogn
-0.18670954,-0.48121887,scoop
-0.21884127,-0.22473206,bevmo
0.20720416,-0.18664551,cinammo
0.16347127,0.48027146,debat
-0.1717956,-0.18991548,god
-0.106768996,0.0750982,late
0.36776534,0.475372,downtown
0.021643281,-0.015325814,oh
0.23663843,-0.1057419,enter
0.4851417,0.006889929,first
0.35818952,-0.25003755,busy
1.1768478,0.39197153,item
0.14083882,-0.25727332,philadelphia
0.83727264,0.5145885,littl
-0.070286125,-0.1977773,cours
-0.05534363,0.025934491,howev
0.10879424,-0.017366419,decor
-0.26596338,-0.3004322,chipotl
0.38096148,0.4605298,menus
0.3095059,-0.48620388,angst
-0.007792421,0.50746447,metrocent
0.38559875,-0.40222368,rail
1.2831054,0.52195364,would
0.52553475,0.3453518,destroy
0.7074811,0.4508223,tire
0.047418874,0.14279085,descript
0.92448515,0.3567028,ever
-0.08015078,0.37540948,joe
0.1584015,-0.41344032,old
0.461605,0.009190994,overlook
-0.09767378,0.04105254,theater
-0.035730034,0.26925266,pho
0.11795421,-0.085741684,bloodi
-0.20834923,-0.2979775,carbonara
0.1516386,0.49686402,eye
-0.22746655,-0.24099608,kinko
